Rogers Park,East Rogers Park,Loyola
West Ridge,West Rogers Park,Peterson Park,Arcadia Terrace
Uptown,Buena Park,Argyle Street,Margate Park,Sheridan Park
Lincoln Square,Ravenswood,Ravenswood Gardens,Rockwell Crossing
North Center,Horner Park,Roscoe Village
Lakeview,Boystown,Lake View East,Graceland West,South East Ravenswood,Wrigleyville
Lincoln Park,Old Town Triangle,Park West,Ranch Triangle,Sheffield Neighbors,Wrightwood Neighbors
Near North Side,Cabrini–Green,The Gold Coast,Goose Island,Magnificent Mile,Old Town,River North,River West,Streeterville
Edison Park,edison park
Norwood Park,Big Oaks,Old Norwood Park,Oriole Park,Union Ridge
Jefferson Park,Gladstone Park
Forest Glen,Edgebrook,Old Edgebrook,South Edgebrook,Sauganash,Wildwood
North Park,Brynford Park,Hollywood Park,River's Edge,Sauganash Woods
Albany Park,Mayfair,North Mayfair,Ravenswood Manor
Portage Park,Belmont Central,Władysławowo,Wladyslawowo,Six Corners
Irving Park,Avondale Gardens,Independence Park,Kilbourn Park,Little Cassubia,Old Irving Park,West Walker,The Villa
Dunning,Belmont Heights,Belmont Terrace,Irving Woods,Schorsch Village
Montclare
Belmont Cragin,Belmont Central,Hanson Park,Brickyard
Hermosa,Kelvyn Park
Avondale,Chicago's Polish Village,Kosciuszko Park
Logan Square,Bucktown,Palmer Square,Kosciuszko Park
Humboldt Park
West Town,East Village,Noble Square,Polish Downtown,Pulaski Park,Smith Park,Ukrainian Village,Wicker Park
Austin,Galewood,The Island
West Garfield Park
East Garfield Park
Near West Side,Greektown,Little Italy,Tri-Taylor
North Lawndale,Lawndale,Homan Square,Douglas Park
South Lawndale,Little Village
Lower West Side,Heart of Chicago,Heart of Italy,Pilsen,East Pilsen
Loop,Near East Side,South Loop,West Loop Gate
Near South Side,Dearborn Park,Printer's Row,South Loop,Prairie Avenue Historic District
Armour Square,Chinatown,Bridgeport,Wentworth Gardens
Douglas,Groveland Park,Lake Meadows,the Gap,The Gap,Prairie Shores,South Commons
Oakland
Fuller Park
Grand Boulevard,Bronzeville
Kenwood,South Kenwood
Washington Park
Hyde Park,East Hyde Park
Woodlawn,West Woodlawn
South Shore,Jackson Park Highlands
Chatham,East Chatham,West Chatham,West Chesterfield
Avalon Park,Marynook,Stony Island Park
South Chicago,The Bush
Burnside
Calumet Heights,Pill Hill
Roseland,Fernwood,Rosemoor
Pullman,Cottage Grove Heights,London Towne
South Deering,Jeffrey Manor,Trumbull Park
East Side
West Pullman
Riverdale,Altgeld Gardens,Eden Green,Golden Gate
Hegewisch
Garfield Ridge,LeClaire Courts,Sleepy Hollow,Vittum Park
Archer Heights
Brighton Park
McKinley Park
Bridgeport
New City,Back of the Yards,Canaryville
West Elsdon
Gage Park
Clearing,Chrysler Village
West Lawn,Ford City
Chicago Lawn,Lithuanian Plaza,Marquette Park
West Englewood
Englewood
Greater Grand Crossing
Ashburn,Beverly View,Mary Crest,Parkview,Scottsdale,Wrightwood
Auburn Gresham
Beverly
Washington Heights,Brainerd,Longwood Manor,Princeton Park
Mount Greenwood,Mount Greenwood Heights,Talley's Corner
Morgan Park,Beverly Woods,Kennedy Park,West Morgan Park
O'Hare,Schorsch Forest View
Edgewater,Andersonville,Edgewater Glen,Edgewater Beach,Magnolia Glen,Lakewood,Balmoral
